{
	"class_name" : "PinholeCameraParameters",
	"extrinsic" : 
	[
		0.685357227848999,
		-0.2757283314347504,
		0.67398765380334957,
		0.0,
		0.16154812670837473,
		0.9600507877582658,
		0.22848345165842623,
		0.0,
		-0.71006173885948132,
		-0.047711342141486063,
		0.70252114191596249,
		0.0,
		-3.5046623431425914,
		-8.2170944428108843,
		39.699198814255375,
		1.0
	],
	"intrinsic" : 
	{
		"height" : 1080,
		"intrinsic_matrix" : 
		[
			935.30743608719411,
			0.0,
			0.0,
			0.0,
			935.30743608719411,
			0.0,
			959.5,
			539.5,
			1.0
		],
		"width" : 1920
	},
	"version_major" : 1,
	"version_minor" : 0
}