{
	"class_name" : "PinholeCameraParameters",
	"extrinsic" : 
	[
		0.99819939385019885,
		0.037913459577526148,
		-0.046481606038939215,
		0.0,
		-0.016051801292018997,
		0.91549040986032904,
		0.40201946361967161,
		0.0,
		0.057795413246877966,
		-0.40054947139726726,
		0.91445055151768184,
		0.0,
		-2.8656968638047218,
		-6.5621365662609472,
		17.20289051804447,
		1.0
	],
	"intrinsic" : 
	{
		"height" : 1080,
		"intrinsic_matrix" : 
		[
			935.30743608719411,
			0.0,
			0.0,
			0.0,
			935.30743608719411,
			0.0,
			959.5,
			539.5,
			1.0
		],
		"width" : 1920
	},
	"version_major" : 1,
	"version_minor" : 0
}