{
	"class_name" : "PinholeCameraParameters",
	"extrinsic" : 
	[
		0.41714103212165127,
		-0.47060885893793014,
		0.77750926760368788,
		0.0,
		-0.90762409132246535,
		-0.25998099766680793,
		0.32958821232447072,
		0.0,
		0.047030502565384491,
		-0.84317090956775231,
		-0.53558467966058998,
		0.0,
		37.329119452328172,
		11.393354698109345,
		36.991266619029574,
		1.0
	],
	"intrinsic" : 
	{
		"height" : 1080,
		"intrinsic_matrix" : 
		[
			935.30743608719411,
			0.0,
			0.0,
			0.0,
			935.30743608719411,
			0.0,
			959.5,
			539.5,
			1.0
		],
		"width" : 1920
	},
	"version_major" : 1,
	"version_minor" : 0
}