{
	"class_name" : "PinholeCameraParameters",
	"extrinsic" : 
	[
		0.58374521144272151,
		-0.44912106417424258,
		0.67641096814931112,
		0.0,
		-0.81058154092055401,
		-0.27424251168761726,
		0.51744430647377637,
		0.0,
		-0.046894494736085396,
		-0.85034188095039931,
		-0.5241369972299077,
		0.0,
		32.365062655809155,
		11.908156381349993,
		69.952114041190868,
		1.0
	],
	"intrinsic" : 
	{
		"height" : 1080,
		"intrinsic_matrix" : 
		[
			935.30743608719411,
			0.0,
			0.0,
			0.0,
			935.30743608719411,
			0.0,
			959.5,
			539.5,
			1.0
		],
		"width" : 1920
	},
	"version_major" : 1,
	"version_minor" : 0
}