{
	"class_name" : "PinholeCameraParameters",
	"extrinsic" : 
	[
		-0.34586293277564173,
		-0.32232006778810157,
		0.87687224962795296,
		0.0,
		-0.9353768930202121,
		0.044558397027059965,
		-0.35021804903842846,
		0.0,
		0.073816662994791671,
		-0.94558147356822342,
		-0.32930590028137946,
		0.0,
		0.5373150936454234,
		0.58272023286731611,
		2.0860826378058142,
		1.0
	],
	"intrinsic" : 
	{
		"height" : 1080,
		"intrinsic_matrix" : 
		[
			935.30743608719411,
			0.0,
			0.0,
			0.0,
			935.30743608719411,
			0.0,
			959.5,
			539.5,
			1.0
		],
		"width" : 1920
	},
	"version_major" : 1,
	"version_minor" : 0
}