{
	"class_name" : "PinholeCameraParameters",
	"extrinsic" : 
	[
		0.66702131420622279,
		0.42663891717764801,
		-0.51499910304153607,
		0.0,
		0.74078545038017674,
		-0.29230966638668171,
		0.53554232904015731,
		0.0,
		0.079495175323048894,
		-0.85588217254852961,
		-0.669305862571558,
		0.0,
		-13.274388225878397,
		1.0979639583565035,
		26.020935221309177,
		1.0
	],
	"intrinsic" : 
	{
		"height" : 1080,
		"intrinsic_matrix" : 
		[
			935.30743608719411,
			0.0,
			0.0,
			0.0,
			935.30743608719411,
			0.0,
			959.5,
			539.5,
			1.0
		],
		"width" : 1920
	},
	"version_major" : 1,
	"version_minor" : 0
}