{
	"class_name" : "PinholeCameraParameters",
	"extrinsic" : 
	[
		0.65494393989248822,
		0.38476330844980194,
		-0.41601025151948406,
		0.0,
		0.75387235292044175,
		-0.27322355677195342,
		0.41736201019045133,
		0.0,
		0.052200681032930837,
		-0.88164963817587183,
		-0.80792600099296297,
		0.0,
		210.33092576917821,
		128.36800792401027,
		844.00323075509777,
		1.0
	],
	"intrinsic" : 
	{
		"height" : 1080,
		"intrinsic_matrix" : 
		[
			935.30743608719411,
			0.0,
			0.0,
			0.0,
			935.30743608719411,
			0.0,
			959.5,
			539.5,
			1.0
		],
		"width" : 1920
	},
	"version_major" : 1,
	"version_minor" : 0
}