{
	"class_name" : "PinholeCameraParameters",
	"extrinsic" : 
	[
		0.90328031860531655,
		0.18928929595927058,
		-0.38503795716204614,
		0.0,
		0.42627864644857766,
		-0.49778732715245289,
		0.7553107257999091,
		0.0,
		-0.048694780030785145,
		-0.84639077225691717,
		-0.53033148033667854,
		0.0,
		49.713905987649071,
		20.79329136030065,
		36.035128636898939,
		1.0
	],
	"intrinsic" : 
	{
		"height" : 1080,
		"intrinsic_matrix" : 
		[
			935.30743608719411,
			0.0,
			0.0,
			0.0,
			935.30743608719411,
			0.0,
			959.5,
			539.5,
			1.0
		],
		"width" : 1920
	},
	"version_major" : 1,
	"version_minor" : 0
}