{
	"class_name" : "PinholeCameraParameters",
	"extrinsic" : 
	[
		0.3315314581977587,
		-0.58924487449273322,
		0.7368021241210635,
		0.0,
		-0.94199677555463202,
		-0.16350303649890555,
		0.29310208443529356,
		0.0,
		-0.052239516363995674,
		-0.79123778659748101,
		-0.60927317189449193,
		0.0,
		105.94516790822595,
		156.07186073113493,
		-144.58927370848781,
		1.0
	],
	"intrinsic" : 
	{
		"height" : 1080,
		"intrinsic_matrix" : 
		[
			935.30743608719411,
			0.0,
			0.0,
			0.0,
			935.30743608719411,
			0.0,
			959.5,
			539.5,
			1.0
		],
		"width" : 1920
	},
	"version_major" : 1,
	"version_minor" : 0
}