{
	"class_name" : "PinholeCameraParameters",
	"extrinsic" : 
	[
		0.51943567825517212,
		-0.62605838994558249,
		0.58158186743942974,
		0.0,
		-0.85407556682500041,
		-0.35868377667924267,
		0.37669732478432838,
		0.0,
		-0.027230539989943459,
		-0.69238489348472965,
		-0.7210143250768295,
		0.0,
		9.8799951972603779,
		2.1202065507750234,
		145.83658792487824,
		1.0
	],
	"intrinsic" : 
	{
		"height" : 1080,
		"intrinsic_matrix" : 
		[
			935.30743608719411,
			0.0,
			0.0,
			0.0,
			935.30743608719411,
			0.0,
			959.5,
			539.5,
			1.0
		],
		"width" : 1920
	},
	"version_major" : 1,
	"version_minor" : 0
}