{
	"class_name" : "PinholeCameraParameters",
	"extrinsic" : 
	[
		0.3323103626482683,
		-0.54286529933415839,
		0.77127627323509118,
		0.0,
		-0.94313969929273245,
		-0.18469861533333354,
		0.27635833461642423,
		0.0,
		-0.0075716903390594774,
		-0.81925801080781868,
		-0.57337507901253038,
		0.0,
		0.55742362788135913,
		-0.66008725968524384,
		12.055356528371766,
		1.0
	],
	"intrinsic" : 
	{
		"height" : 1080,
		"intrinsic_matrix" : 
		[
			935.30743608719399,
			0.0,
			0.0,
			0.0,
			935.30743608719399,
			0.0,
			959.5,
			539.5,
			1.0
		],
		"width" : 1920
	},
	"version_major" : 1,
	"version_minor" : 0
}