{
	"class_name" : "PinholeCameraParameters",
	"extrinsic" : 
	[
		0.62720874462067722,
		-0.44440505621589221,
		0.63961968128029334,
		0.0,
		-0.77593197658487623,
		-0.28550147862859504,
		0.56251086515193038,
		0.0,
		-0.067370307884419375,
		-0.84911309712583971,
		-0.52389711767189839,
		0.0,
		2.5184815945689651,
		-0.88062670389617637,
		56.249950541231406,
		1.0
	],
	"intrinsic" : 
	{
		"height" : 1080,
		"intrinsic_matrix" : 
		[
			935.30743608719399,
			0.0,
			0.0,
			0.0,
			935.30743608719399,
			0.0,
			959.5,
			539.5,
			1.0
		],
		"width" : 1920
	},
	"version_major" : 1,
	"version_minor" : 0
}